year,lower temperature_c,upper temperature_c
2015-01-01,31.077717914830625,32.16916433868788
2016-01-01,30.680642386730742,32.03861921486572
2017-01-01,30.555114230899996,32.038987978892855
2018-01-01,30.604076585557493,32.15261016328995
2019-01-01,30.675824639483398,32.2586738243463
2020-01-01,30.48871368726825,32.09005701789465
2021-01-01,30.181825268153215,31.793213943467894
2022-01-01,30.361801426997864,31.978668797264262
2023-01-01,30.29022944746339,31.910091456569354
2024-01-01,30.27867423796336,31.900175058351383
