model,trend,AIC,converged
"ARIMAX(1, 0, 0)",c,24.481535845864897,True
"ARIMAX(1, 0, 1)",c,25.25955388371954,True
"ARIMAX(0, 0, 1)",c,42.03601861626817,False
"ARIMAX(0, 0, 0)",c,233.21961862710558,True
"ARIMAX(0, 0, 0)",t,355.28410244342723,True
"ARIMAX(0, 0, 1)",t,356.9695680638773,True
"ARIMAX(0, 0, 1)",n,356.9865737169801,True
"ARIMAX(1, 0, 0)",t,356.9972846876101,True
"ARIMAX(1, 0, 0)",n,357.65850370625554,True
"ARIMAX(0, 0, 0)",n,357.96473350657703,True
"ARIMAX(1, 0, 1)",n,358.68452220646583,True
"ARIMAX(1, 0, 1)",t,358.9790592641823,True
