lag_years,CCF,approx_95_bound
0,-0.303225716091256,0.24310807979484858
1,-0.17771266047422365,0.24310807979484858
2,0.043531542696385775,0.24310807979484858
3,0.09814595482699409,0.24310807979484858
4,-0.08349413038276218,0.24310807979484858
5,-0.20775665663883053,0.24310807979484858
6,-0.12802816045939705,0.24310807979484858
7,-0.14921803555065472,0.24310807979484858
8,-0.06696429342284406,0.24310807979484858
9,0.054117851047842634,0.24310807979484858
10,0.041189023481224635,0.24310807979484858
11,0.02523097516195948,0.24310807979484858
12,0.051161412701531815,0.24310807979484858
13,0.12414100217067801,0.24310807979484858
14,0.18797962178094949,0.24310807979484858
