year,lower_c,upper_c
2015-01-01,30.794559068603135,32.02575325446649
2016-01-01,30.72703819318473,32.10616538979688
2017-01-01,30.681840533993054,32.12941218554775
2018-01-01,30.699389832809107,32.121529499621616
2019-01-01,30.696378425658185,32.163795116622495
2020-01-01,30.668828021713196,32.23648492984496
2021-01-01,30.647157688559513,32.25097584747587
2022-01-01,30.615139761812905,32.23770630728889
2023-01-01,30.597326625546337,32.35206907603466
2024-01-01,30.565521665956002,32.260055879550514
